id,autorizacion_naviera
catalogos_autorizacion_naviero1,SCT418/020/2016
catalogos_autorizacion_naviero2,SCT418/021/2016
catalogos_autorizacion_naviero3,SCT418/025/2016
catalogos_autorizacion_naviero4,SCT418/026/2016
catalogos_autorizacion_naviero5,SCT418/028/2016
catalogos_autorizacion_naviero6,SCT418/029/2016
catalogos_autorizacion_naviero7,SCT418/030/2016
catalogos_autorizacion_naviero8,SCT418/034/2016
catalogos_autorizacion_naviero9,SCT418/036/2016
catalogos_autorizacion_naviero10,SCT418/042/2016
catalogos_autorizacion_naviero11,SCT418/046/2016
catalogos_autorizacion_naviero12,SCT418/047/2016
catalogos_autorizacion_naviero13,SCT418/048/2016
catalogos_autorizacion_naviero14,SCT418/051/2016
catalogos_autorizacion_naviero15,SCT418/052/2016
catalogos_autorizacion_naviero16,SCT418/010/2017
catalogos_autorizacion_naviero17,SCT418/014/2017
catalogos_autorizacion_naviero18,SCT418/017/2017
catalogos_autorizacion_naviero19,SCT418/021/2017
catalogos_autorizacion_naviero20,SCT418/022/2017
catalogos_autorizacion_naviero21,SCT418/023/2017
catalogos_autorizacion_naviero22,SCT418/024/2017
catalogos_autorizacion_naviero23,SCT418/030/2017
catalogos_autorizacion_naviero24,SCT418/031/2017
catalogos_autorizacion_naviero25,SCT418/034/2017
catalogos_autorizacion_naviero26,SCT418/035/2017
catalogos_autorizacion_naviero27,SCT418/038/2017
catalogos_autorizacion_naviero28,SCT418/044/2017
catalogos_autorizacion_naviero29,SCT418/045/2017
catalogos_autorizacion_naviero30,SCT418/047/2017
catalogos_autorizacion_naviero31,SCT418/053/2017
catalogos_autorizacion_naviero32,SCT418/054/2017
catalogos_autorizacion_naviero33,SCT418/056/2017
catalogos_autorizacion_naviero34,SCT418/057/2017
catalogos_autorizacion_naviero35,SCT418/060/2017
catalogos_autorizacion_naviero36,SCT418/061/2017
catalogos_autorizacion_naviero37,SCT418/064/2017
catalogos_autorizacion_naviero38,SCT418/065/2017
catalogos_autorizacion_naviero39,SCT418/006/2018
catalogos_autorizacion_naviero40,SCT418/013/2018
catalogos_autorizacion_naviero41,SCT418/014/2018
catalogos_autorizacion_naviero42,SCT418/017/2018
catalogos_autorizacion_naviero43,SCT418/018/2018
catalogos_autorizacion_naviero44,SCT418/019/2018
catalogos_autorizacion_naviero45,SCT418/022/2018
catalogos_autorizacion_naviero46,SCT418/026/2018
catalogos_autorizacion_naviero47,SCT418/031/2018
catalogos_autorizacion_naviero48,SCT418/033/2018
catalogos_autorizacion_naviero49,SCT418/037/2018
catalogos_autorizacion_naviero50,SCT418/038/2018
catalogos_autorizacion_naviero51,SCT418/040/2018
catalogos_autorizacion_naviero52,SCT418/041/2018
catalogos_autorizacion_naviero53,SCT418/043/2018
catalogos_autorizacion_naviero54,SCT418/045/2018
catalogos_autorizacion_naviero55,SCT418/046/2018
catalogos_autorizacion_naviero56,SCT 418/048/2018
catalogos_autorizacion_naviero57,SCT 418/050/2018
catalogos_autorizacion_naviero58,SCT 418/053/2018
catalogos_autorizacion_naviero59,SCT418/057/2018
catalogos_autorizacion_naviero60,SCT418/068/2018
catalogos_autorizacion_naviero61,SCT418/003/2019
catalogos_autorizacion_naviero62,SCT418/005/2019
catalogos_autorizacion_naviero63,SCT418/013/2019
catalogos_autorizacion_naviero64,SCT418/015/2019
catalogos_autorizacion_naviero65,SCT418/020/2019
catalogos_autorizacion_naviero66,SCT418/025/2019
catalogos_autorizacion_naviero67,SCT418/026/2019
catalogos_autorizacion_naviero68,SCT418/027/2019
catalogos_autorizacion_naviero69,SCT418/029/2019
catalogos_autorizacion_naviero70,SCT418/036/2019
catalogos_autorizacion_naviero71,SCT418/037/2019
catalogos_autorizacion_naviero72,SCT418/038/2019
catalogos_autorizacion_naviero73,SCT418/041/2019
catalogos_autorizacion_naviero74,SCT418/045/2019
catalogos_autorizacion_naviero75,SCT418/046/2019
catalogos_autorizacion_naviero76,SCT418/003/2020
catalogos_autorizacion_naviero77,SCT418/005/2020
catalogos_autorizacion_naviero78,SCT418/006/2020
catalogos_autorizacion_naviero79,SCT418/010/2020
catalogos_autorizacion_naviero80,SCT418/011/2020
catalogos_autorizacion_naviero81,SCT418/012/2020
catalogos_autorizacion_naviero82,SCT418/013/2020
catalogos_autorizacion_naviero83,SCT418/023/2020
catalogos_autorizacion_naviero84,SCT418/024/2020
catalogos_autorizacion_naviero85,SCT418/025/2020
catalogos_autorizacion_naviero86,SCT418/026/2020
catalogos_autorizacion_naviero87,SCT418/027/2020
catalogos_autorizacion_naviero88,SCT418/029/2020
catalogos_autorizacion_naviero89,SCT418/030/2020
catalogos_autorizacion_naviero90,SCT418/031/2020
catalogos_autorizacion_naviero91,SCT418/032/2020
catalogos_autorizacion_naviero92,SCT418/033/2020
catalogos_autorizacion_naviero93,SCT418/035/2020
catalogos_autorizacion_naviero94,SCT418/036/2020
catalogos_autorizacion_naviero95,SCT418/037/2020
catalogos_autorizacion_naviero96,SCT418/040/2020
catalogos_autorizacion_naviero97,SCT418/041/2020
catalogos_autorizacion_naviero98,SCT418/042/2020
catalogos_autorizacion_naviero99,SCT418/001/2021
catalogos_autorizacion_naviero100,SCT418/005/2021
catalogos_autorizacion_naviero101,SCT418/006/2021
catalogos_autorizacion_naviero102,SCT418/007/2021
catalogos_autorizacion_naviero103,SCT418/013/2021
catalogos_autorizacion_naviero104,SCT418/020/2021
catalogos_autorizacion_naviero105,SCT418/021/2021
